カテゴリ,企業名,検索キーワード,有効
エステ業界,TBCグループ,TBC エステ,TRUE
エステ業界,ミス・パリ・グループ,ミス・パリ,TRUE
エステ業界,ソシエ・ワールド,ソシエ エステ,TRUE
エステ業界,不二ビューティ,たかの友梨,TRUE
エステ業界,スリムビューティハウス,スリムビューティハウス,TRUE
エステ業界,エルセーヌ,エルセーヌ,TRUE
エステ業界,ジェイエステティック,ジェイエステティック,TRUE
エステ業界,ラ・パルレ,ラ・パルレ,TRUE
エステ業界,ミュゼプラチナム,ミュゼプラチナム,TRUE
エステ業界,シーズ・ラボ,シーズラボ エステ,TRUE
エステ業界,日本エステティック工業会,日本エステティック工業会,TRUE
エステ業界,エステティックグランプリ,エステティックグランプリ,TRUE
クライアント動向,ヤーマン,ヤーマン 美容,TRUE
クライアント動向,MTG,MTG ReFa,TRUE
クライアント動向,タカラベルモント,タカラベルモント,TRUE
クライアント動向,ワム,ワム エステ機器,TRUE
クライアント動向,ビューティガレージ,ビューティガレージ,TRUE
クライアント動向,ドクターリセラ,ドクターリセラ,TRUE
クライアント動向,シーボン,シーボン 化粧品,TRUE
クライアント動向,ポーラ,ポーラ エステ,TRUE
クライアント動向,コンフォートジャパン,コンフォートジャパン 美容,TRUE
クライアント動向,日本エステティック協会,日本エステティック協会,TRUE
クライアント動向,プロラボホールディングス,プロラボホールディングス,TRUE
クライアント動向,サージテック,サージテック ハイドラフェイシャル,TRUE
クライアント動向,ウィズ・アス,ウィズ・アス 脱毛機器,TRUE
クライアント動向,エストラボ,エストラボ エステ,TRUE
クライアント動向,ベネレ,ベネレ フェムケア,TRUE
クライアント動向,ウインセンス,ウインセンス 美容,TRUE
クライアント動向,セブンビューティー,セブンビューティー 美容,TRUE
クライアント動向,ソフィアコーポレーション,ソフィアコーポレーション 美容,TRUE
クライアント動向,マッコイ,マッコイ エステ,TRUE
クライアント動向,ドクターセラム,ドクターセラム,TRUE
クライアント動向,日本ビューティコーポレーション,日本ビューティコーポレーション,TRUE
クライアント動向,まごころ総合美容,まごころ総合美容,TRUE
クライアント動向,Aiロボティクス,Aiロボティクス,TRUE
クライアント動向,BJC,BJC 美容,TRUE
クライアント動向,ビーモデル,ビーモデル エステ機器,TRUE
クライアント動向,アンチエイジング社,アンチエイジング社 幹細胞,TRUE
クライアント動向,レカルカ,レカルカ,TRUE
隣接プロ美容,リクルート(HPB),ホットペッパービューティー,TRUE
隣接プロ美容,アデランス,アデランス,TRUE
隣接プロ美容,アルテサロンHD,アルテサロンホールディングス,TRUE
隣接プロ美容,AB&Company,AB&Company Agu,TRUE
隣接プロ美容,ヤマノHD,ヤマノホールディングス 美容,TRUE
隣接プロ美容,SBCメディカルグループ,湘南美容クリニック,TRUE
隣接プロ美容,TCB東京中央美容外科,東京中央美容外科,TRUE
隣接プロ美容,品川美容外科,品川美容外科,TRUE
隣接プロ美容,ネイルクイック,ネイルクイック,TRUE
隣接プロ美容,松風,松風 まつげエクステ,TRUE
隣接プロ美容,ネイリー,ネイリービューティ,TRUE
隣接プロ美容,LINEヤフー,LINEビューティープラス OR LINE 美容サロン,TRUE
出版・ビジネス,アイスタイル,アイスタイル アットコスメ,TRUE
出版・ビジネス,女性モード社,女性モード社,TRUE
出版・ビジネス,髪書房,髪書房,TRUE
出版・ビジネス,新美容出版,新美容出版,TRUE
出版・ビジネス,美容経済新聞,美容経済新聞,TRUE
出版・ビジネス,ザ・ビューレック,ザ・ビューレック,TRUE
出版・ビジネス,ビュートピア,ビュートピア 美容,TRUE
出版・ビジネス,美容の窓口,美容の窓口 セミナー,TRUE
出版・ビジネス,Zenken,Zenken 健康美容EXPO,TRUE
エステ業界,(キーワード)エステ市場,エステ業界 市場規模,TRUE
エステ業界,(キーワード)エステ出店・倒産,エステサロン 出店 OR 倒産,TRUE
エステ業界,(キーワード)脱毛サロン規制,脱毛サロン 消費者庁 OR 規制,TRUE
エステ業界,(キーワード)フェムケア,フェムケア サロン OR フェムテック 美容,TRUE
エステ業界,(キーワード)都度払い,エステ 都度払い OR コース契約 規制,TRUE
エステ業界,(キーワード)サロン集客,エステサロン 集客 OR MEO,TRUE
エステ業界,(キーワード)サロンAI・DX,エステサロン AI OR 美容サロン DX,TRUE
エステ業界,(キーワード)メンズエステ,メンズエステ 市場,TRUE
クライアント動向,(キーワード)業務用美容機器,業務用美容機器 新製品,TRUE
クライアント動向,(キーワード)痩身・脱毛機器,痩身機器 OR 業務用脱毛機,TRUE
クライアント動向,(キーワード)脂肪冷却,脂肪冷却 エステ,TRUE
クライアント動向,(キーワード)成分トレンド,エクソソーム OR ヒト幹細胞 OR NAD 化粧品,TRUE
クライアント動向,(キーワード)薬機法・広告規制,薬機法 OR 化粧品 広告規制,TRUE
クライアント動向,(キーワード)化粧品OEM,化粧品 OEM 市場,TRUE
クライアント動向,(キーワード)展示会BWJ,ビューティーワールドジャパン,TRUE
クライアント動向,(キーワード)展示会その他,BEYOND BEAUTY TOKYO OR COSME Week,TRUE
隣接プロ美容,(キーワード)美容室経営,美容室 経営 チェーン,TRUE
隣接プロ美容,(キーワード)美容医療規制,美容医療 規制 OR ガイドライン,TRUE
隣接プロ美容,(キーワード)ネイル市場,ネイルサロン 市場,TRUE
隣接プロ美容,(キーワード)まつげエクステ,マツエク サロン 市場,TRUE
隣接プロ美容,(キーワード)韓国美容,韓国コスメ OR K-ビューティー,TRUE
隣接プロ美容,(キーワード)美容インフルエンサー,美容 インフルエンサー OR ライブコマース 化粧品,TRUE
出版・ビジネス,(キーワード)出版社新規事業,出版社 新規事業,TRUE
出版・ビジネス,(キーワード)業界紙デジタル化,業界紙 デジタル化 OR 専門誌 メディア,TRUE
出版・ビジネス,(キーワード)メディア収益化,BtoBメディア 収益化 OR 雑誌 サブスク,TRUE
